Model,CV_Accuracy,Std_Dev
Random Forest,0.9840245775729647,0.014312758519870964
XGBoost,0.9745007680491551,0.01275115814953272
